fault_id,station_id,start,end,parameter,fault_type,magnitude
1_0,1,2025-06-11 09:59:55.860000+00:00,2025-06-11 10:11:55.860000+00:00,power,spike,-4017.5521726787756
1_1,1,2025-06-11 18:21:30.405000+00:00,2025-06-11 18:45:30.405000+00:00,temperature,stuck_at,
1_2,1,2025-06-12 12:35:21.680000+00:00,2025-06-12 13:23:21.680000+00:00,weight,dropout,
1_3,1,2025-06-13 00:16:21.854000+00:00,2025-06-13 00:32:21.854000+00:00,weight,dropout,
1_4,1,2025-06-10 09:31:45.707000+00:00,2025-06-10 11:38:45.707000+00:00,weight,drift,14.80274341037106
1_5,1,2025-06-11 10:25:58.463000+00:00,2025-06-11 13:03:58.463000+00:00,power,drift,-1510.9720625020668
1_6,1,2025-06-13 02:02:36.075000+00:00,2025-06-13 02:23:36.075000+00:00,power,stuck_at,
1_7,1,2025-06-10 07:52:32.945000+00:00,2025-06-10 08:34:32.945000+00:00,humidity,dropout,
1_8,1,2025-06-09 22:35:21.748000+00:00,2025-06-09 23:03:21.748000+00:00,weight,dropout,
1_9,1,2025-06-12 08:48:52.558000+00:00,2025-06-12 09:43:52.558000+00:00,humidity,dropout,
1_10,1,2025-06-11 02:50:29.950000+00:00,2025-06-11 03:09:29.950000+00:00,power,dropout,
1_11,1,2025-06-11 20:16:44.614000+00:00,2025-06-11 21:23:44.614000+00:00,humidity,drift,-30.653200771624636
1_12,1,2025-06-13 12:27:56.384000+00:00,2025-06-13 12:55:56.384000+00:00,weight,dropout,
1_13,1,2025-06-11 03:28:05.230000+00:00,2025-06-11 07:11:05.230000+00:00,humidity,drift,27.25682175393601
1_14,1,2025-06-11 13:30:52.197000+00:00,2025-06-11 13:36:52.197000+00:00,humidity,spike,43.416851398785724
2_0,2,2025-08-06 11:06:48.023000+00:00,2025-08-06 12:07:48.023000+00:00,power,stuck_at,
2_1,2,2025-08-05 18:44:41.868000+00:00,2025-08-05 19:29:41.868000+00:00,weight,dropout,
2_2,2,2025-08-09 09:52:24.622000+00:00,2025-08-09 13:22:24.622000+00:00,power,drift,323.67980481483005
2_3,2,2025-08-12 01:38:06.482000+00:00,2025-08-12 02:00:06.482000+00:00,humidity,dropout,
2_4,2,2025-08-06 21:12:36.004000+00:00,2025-08-06 22:55:36.004000+00:00,temperature,stuck_at,
2_5,2,2025-08-13 04:33:34.492000+00:00,2025-08-13 05:23:34.492000+00:00,temperature,dropout,
2_6,2,2025-08-12 07:28:51.314000+00:00,2025-08-12 08:02:51.314000+00:00,weight,dropout,
2_7,2,2025-08-09 15:59:11.338000+00:00,2025-08-09 18:39:11.338000+00:00,power,drift,-386.64027083104173
2_8,2,2025-08-11 22:00:09.034000+00:00,2025-08-11 22:06:09.034000+00:00,temperature,spike,2.1585134249432816
2_9,2,2025-08-10 21:49:31.983000+00:00,2025-08-10 23:25:31.983000+00:00,temperature,stuck_at,
2_10,2,2025-08-05 16:39:28.954000+00:00,2025-08-05 17:52:28.954000+00:00,weight,stuck_at,
2_11,2,2025-08-11 05:05:58.255000+00:00,2025-08-11 05:52:58.255000+00:00,power,stuck_at,
2_12,2,2025-08-15 07:01:34.464000+00:00,2025-08-15 07:10:34.464000+00:00,humidity,spike,-47.29406174642834
2_13,2,2025-08-07 05:58:43.377000+00:00,2025-08-07 06:09:43.377000+00:00,power,dropout,
2_14,2,2025-08-07 18:12:18.110000+00:00,2025-08-07 19:05:18.110000+00:00,temperature,dropout,
2_15,2,2025-08-06 02:13:39.616000+00:00,2025-08-06 02:45:39.616000+00:00,humidity,dropout,
2_16,2,2025-08-25 21:51:12.028000+00:00,2025-08-25 23:29:12.028000+00:00,weight,stuck_at,
2_17,2,2025-08-13 11:32:28.265000+00:00,2025-08-13 12:30:28.265000+00:00,humidity,stuck_at,
2_18,2,2025-08-04 23:10:44.681000+00:00,2025-08-05 01:10:44.681000+00:00,temperature,drift,0.8401716124848291
2_19,2,2025-08-12 10:32:45.233000+00:00,2025-08-12 11:35:45.233000+00:00,weight,stuck_at,
2_20,2,2025-08-14 19:31:34.793000+00:00,2025-08-14 19:41:34.793000+00:00,power,spike,-717.4347244871176
2_21,2,2025-08-08 19:53:36.755000+00:00,2025-08-08 21:23:36.755000+00:00,humidity,drift,24.52283333750301
2_22,2,2025-08-15 01:05:48.405000+00:00,2025-08-15 01:58:48.405000+00:00,weight,stuck_at,
2_23,2,2025-08-08 09:03:13.031000+00:00,2025-08-08 09:09:13.031000+00:00,humidity,spike,65.40159448280897
2_24,2,2025-08-07 14:12:47.481000+00:00,2025-08-07 16:34:47.481000+00:00,weight,drift,-2589.0582422696502
2_25,2,2025-08-12 15:40:24.906000+00:00,2025-08-12 16:26:24.906000+00:00,humidity,dropout,
2_26,2,2025-08-14 10:22:54.675000+00:00,2025-08-14 11:39:54.675000+00:00,temperature,drift,1.254038345647537
2_27,2,2025-08-13 10:09:17.487000+00:00,2025-08-13 10:17:17.487000+00:00,weight,spike,2503.791022700463
2_28,2,2025-08-12 21:14:07.758000+00:00,2025-08-12 22:17:07.758000+00:00,power,drift,445.4454840812647
2_29,2,2025-08-06 05:50:37.443000+00:00,2025-08-06 08:43:37.443000+00:00,humidity,drift,34.288124894787614
2_30,2,2025-08-09 04:52:15.869000+00:00,2025-08-09 06:27:15.869000+00:00,temperature,stuck_at,
2_31,2,2025-08-10 01:01:51.626000+00:00,2025-08-10 01:20:51.626000+00:00,temperature,dropout,
2_32,2,2025-08-12 00:23:56.946000+00:00,2025-08-12 00:35:56.946000+00:00,humidity,spike,-55.76152976777925
2_33,2,2025-08-14 16:11:39.576000+00:00,2025-08-14 16:36:39.576000+00:00,temperature,dropout,
2_34,2,2025-08-08 11:05:58.578000+00:00,2025-08-08 11:37:58.578000+00:00,weight,dropout,
2_35,2,2025-08-06 08:44:29.950000+00:00,2025-08-06 09:30:29.950000+00:00,weight,stuck_at,
2_36,2,2025-08-13 03:28:56.240000+00:00,2025-08-13 04:02:56.240000+00:00,humidity,dropout,
2_37,2,2025-08-09 23:08:37.459000+00:00,2025-08-09 23:16:37.459000+00:00,temperature,spike,-2.231578116973238
2_38,2,2025-08-10 13:28:57.976000+00:00,2025-08-10 14:07:57.976000+00:00,temperature,dropout,
2_39,2,2025-08-08 07:09:28.867000+00:00,2025-08-08 08:57:28.867000+00:00,power,drift,387.6052464146761
2_40,2,2025-08-08 15:25:32.391000+00:00,2025-08-08 16:28:32.391000+00:00,humidity,drift,41.69570046231918
2_41,2,2025-08-10 16:31:21.438000+00:00,2025-08-10 17:18:21.438000+00:00,temperature,stuck_at,
3_0,3,2026-05-17 10:32:30.243000+00:00,2026-05-17 13:32:30.243000+00:00,temperature,drift,-2.6439562096296756
3_1,3,2026-07-12 14:55:09.890000+00:00,2026-07-12 16:27:09.890000+00:00,weight,stuck_at,
3_2,3,2026-05-16 10:16:10.757000+00:00,2026-05-16 10:31:10.757000+00:00,humidity,dropout,
3_3,3,2026-05-09 18:54:44.884000+00:00,2026-05-09 19:15:44.884000+00:00,power,dropout,
3_4,3,2026-05-15 05:41:16.321000+00:00,2026-05-15 05:52:16.321000+00:00,temperature,spike,-6.948467999869075
3_5,3,2026-05-11 04:54:04.477000+00:00,2026-05-11 08:48:04.477000+00:00,power,drift,987.1006020232699
3_6,3,2026-07-11 22:58:10.947000+00:00,2026-07-12 01:31:10.947000+00:00,weight,drift,-2094.99580893616
3_7,3,2026-05-06 10:07:17.709000+00:00,2026-05-06 10:17:17.709000+00:00,temperature,spike,5.516222855356026
3_8,3,2026-05-07 05:31:58.802000+00:00,2026-05-07 06:26:58.802000+00:00,temperature,dropout,
3_9,3,2026-05-09 13:25:16.913000+00:00,2026-05-09 15:14:16.913000+00:00,power,stuck_at,
3_10,3,2026-05-13 21:08:27.924000+00:00,2026-05-13 21:44:27.924000+00:00,temperature,dropout,
3_11,3,2026-05-11 12:39:11.791000+00:00,2026-05-11 15:58:11.791000+00:00,temperature,drift,3.012232140709333
3_12,3,2026-05-18 17:58:06.953000+00:00,2026-05-18 18:45:06.953000+00:00,temperature,dropout,
3_13,3,2026-05-09 20:48:59.324000+00:00,2026-05-09 21:48:59.324000+00:00,humidity,drift,-18.512480962727178
3_14,3,2026-05-08 18:47:08.080000+00:00,2026-05-08 19:04:08.080000+00:00,power,dropout,
3_15,3,2026-07-11 08:47:16.954000+00:00,2026-07-11 11:57:16.954000+00:00,weight,drift,-1156.2168994457948
3_16,3,2026-07-13 04:50:44.491000+00:00,2026-07-13 08:10:44.491000+00:00,power,drift,-733.7945456069581
3_17,3,2026-05-08 16:39:50.038000+00:00,2026-05-08 16:44:50.038000+00:00,power,spike,-971.3677303222885
3_18,3,2026-05-07 18:33:32.431000+00:00,2026-05-07 18:48:32.431000+00:00,weight,spike,2719.471479620226
3_19,3,2026-05-12 22:57:55.618000+00:00,2026-05-13 00:13:55.618000+00:00,power,stuck_at,
3_20,3,2026-05-06 01:45:42.991000+00:00,2026-05-06 01:58:42.991000+00:00,power,spike,1495.945625304025
3_21,3,2026-05-07 19:22:04.800000+00:00,2026-05-07 19:54:04.800000+00:00,temperature,dropout,
3_22,3,2026-05-12 14:46:29.940000+00:00,2026-05-12 15:09:29.940000+00:00,power,stuck_at,
3_23,3,2026-05-14 05:08:53.760000+00:00,2026-05-14 05:24:53.760000+00:00,humidity,dropout,
3_24,3,2026-07-12 22:01:00.465000+00:00,2026-07-12 22:49:00.465000+00:00,weight,stuck_at,
3_25,3,2026-05-14 09:35:47.066000+00:00,2026-05-14 11:31:47.066000+00:00,humidity,stuck_at,
3_26,3,2026-05-16 18:25:27.437000+00:00,2026-05-16 18:36:27.437000+00:00,weight,spike,2020.243700738956
3_27,3,2026-05-05 17:56:05.476000+00:00,2026-05-05 18:05:05.476000+00:00,weight,spike,2920.3611760218387
3_28,3,2026-05-19 18:10:53.594000+00:00,2026-05-19 18:23:53.594000+00:00,power,spike,1274.6153303709016
3_29,3,2026-05-17 06:53:17.094000+00:00,2026-05-17 07:03:17.094000+00:00,power,dropout,
3_30,3,2026-05-10 00:49:40.898000+00:00,2026-05-10 01:03:40.898000+00:00,humidity,spike,38.764645868899464
3_31,3,2026-05-16 06:36:46.166000+00:00,2026-05-16 09:54:46.166000+00:00,weight,drift,2124.799853781342
3_32,3,2026-05-07 17:18:44.196000+00:00,2026-05-07 18:16:44.196000+00:00,humidity,stuck_at,
3_33,3,2026-05-17 02:00:15.977000+00:00,2026-05-17 04:17:15.977000+00:00,power,drift,-1008.0115248714334
3_34,3,2026-05-10 08:28:38.552000+00:00,2026-05-10 10:12:38.552000+00:00,weight,drift,-2003.547408128348
3_35,3,2026-05-07 11:34:56.691000+00:00,2026-05-07 12:32:56.691000+00:00,power,dropout,
3_36,3,2026-05-16 01:44:38.307000+00:00,2026-05-16 02:18:38.307000+00:00,temperature,dropout,
3_37,3,2026-07-10 11:40:39.578000+00:00,2026-07-10 13:14:39.578000+00:00,temperature,drift,2.856190184402274
3_38,3,2026-05-16 03:28:44.160000+00:00,2026-05-16 03:43:44.160000+00:00,power,spike,-1147.5340091835085
3_39,3,2026-05-07 15:52:46.741000+00:00,2026-05-07 16:55:46.741000+00:00,temperature,stuck_at,
3_40,3,2026-05-06 14:33:08.998000+00:00,2026-05-06 16:03:08.998000+00:00,temperature,stuck_at,
3_41,3,2026-05-06 13:42:35.679000+00:00,2026-05-06 13:56:35.679000+00:00,temperature,spike,6.272745891184248
3_42,3,2026-07-13 10:09:19.853000+00:00,2026-07-13 11:05:19.853000+00:00,power,stuck_at,
3_43,3,2026-05-19 13:15:44.393000+00:00,2026-05-19 15:02:44.393000+00:00,weight,stuck_at,
3_44,3,2026-05-14 07:02:07.592000+00:00,2026-05-14 07:14:07.592000+00:00,weight,dropout,
3_45,3,2026-05-09 15:23:30.378000+00:00,2026-05-09 15:30:30.378000+00:00,power,spike,-1414.686251301805
3_46,3,2026-05-06 11:57:28.145000+00:00,2026-05-06 12:21:28.145000+00:00,humidity,dropout,
3_47,3,2026-05-14 19:58:47.766000+00:00,2026-05-14 20:13:47.766000+00:00,humidity,spike,-34.76225429138569
3_48,3,2026-05-12 17:31:16.892000+00:00,2026-05-12 17:43:16.892000+00:00,temperature,dropout,
3_49,3,2026-07-10 16:55:17.881000+00:00,2026-07-10 17:10:17.881000+00:00,weight,dropout,
3_50,3,2026-05-19 17:12:16.485000+00:00,2026-05-19 18:08:16.485000+00:00,power,dropout,
3_51,3,2026-05-16 22:00:46.551000+00:00,2026-05-16 23:21:46.551000+00:00,power,stuck_at,
3_52,3,2026-05-07 23:55:01.886000+00:00,2026-05-08 01:28:01.886000+00:00,power,stuck_at,
3_53,3,2026-05-14 15:58:04.594000+00:00,2026-05-14 16:24:04.594000+00:00,weight,dropout,
3_54,3,2026-05-13 18:16:32.272000+00:00,2026-05-13 19:08:32.272000+00:00,power,dropout,
3_55,3,2026-05-16 20:47:00.681000+00:00,2026-05-16 21:31:00.681000+00:00,humidity,dropout,
3_56,3,2026-05-08 02:08:28.452000+00:00,2026-05-08 02:13:28.452000+00:00,humidity,spike,-46.96101220598337
3_57,3,2026-05-12 02:08:20.142000+00:00,2026-05-12 03:50:20.142000+00:00,weight,drift,1482.2048954884308
3_58,3,2026-05-08 20:19:07.778000+00:00,2026-05-08 22:27:07.778000+00:00,humidity,drift,23.058801030767746
3_59,3,2026-07-12 03:32:21.752000+00:00,2026-07-12 04:16:21.752000+00:00,power,dropout,
3_60,3,2026-05-11 09:37:09.224000+00:00,2026-05-11 10:26:09.224000+00:00,humidity,dropout,
3_61,3,2026-07-10 21:49:41.466000+00:00,2026-07-11 01:42:41.466000+00:00,weight,drift,-1901.7877024670552
3_62,3,2026-05-19 02:09:27.466000+00:00,2026-05-19 02:46:27.466000+00:00,weight,dropout,
3_63,3,2026-05-08 17:41:27.327000+00:00,2026-05-08 18:26:27.327000+00:00,temperature,stuck_at,
3_64,3,2026-05-17 20:04:27.496000+00:00,2026-05-17 20:40:27.496000+00:00,temperature,stuck_at,
3_65,3,2026-05-07 07:18:08.175000+00:00,2026-05-07 09:10:08.175000+00:00,power,stuck_at,
3_66,3,2026-05-07 02:48:12.320000+00:00,2026-05-07 04:04:12.320000+00:00,weight,stuck_at,
3_67,3,2026-07-12 23:50:17.256000+00:00,2026-07-13 01:21:17.256000+00:00,power,stuck_at,
3_68,3,2026-05-12 18:38:00.628000+00:00,2026-05-12 19:28:00.628000+00:00,temperature,dropout,
4_0,4,2025-10-21 04:08:14.422000+00:00,2025-10-21 05:45:14.422000+00:00,humidity,stuck_at,
4_1,4,2025-09-06 06:24:38.945000+00:00,2025-09-06 07:22:38.945000+00:00,power,dropout,
4_2,4,2025-09-06 02:14:46.724000+00:00,2025-09-06 05:00:46.724000+00:00,weight,drift,-2406.4787971419983
4_3,4,2025-09-08 07:50:41.479000+00:00,2025-09-08 07:56:41.479000+00:00,temperature,spike,-10.514535407690449
4_4,4,2025-09-10 08:33:17.680000+00:00,2025-09-10 11:07:17.680000+00:00,weight,drift,2896.525241316444
4_5,4,2025-09-08 11:27:15.703000+00:00,2025-09-08 12:06:15.703000+00:00,humidity,stuck_at,
4_6,4,2025-09-06 09:30:41.543000+00:00,2025-09-06 09:44:41.543000+00:00,power,spike,1152.4079015436037
4_7,4,2025-09-07 16:36:21.152000+00:00,2025-09-07 16:48:21.152000+00:00,humidity,spike,-30.506380748810287
4_8,4,2025-09-24 10:30:43.214000+00:00,2025-09-24 11:20:43.214000+00:00,weight,stuck_at,
4_9,4,2025-09-07 01:12:09.170000+00:00,2025-09-07 01:54:09.170000+00:00,power,dropout,
4_10,4,2025-09-07 05:46:06.077000+00:00,2025-09-07 06:23:06.077000+00:00,humidity,dropout,
4_11,4,2025-09-06 12:25:46.306000+00:00,2025-09-06 16:18:46.306000+00:00,temperature,drift,8.19662152505889
4_12,4,2025-09-24 16:23:10.864000+00:00,2025-09-24 18:32:10.864000+00:00,weight,drift,3169.0726824706258
4_13,4,2025-09-07 12:12:50.212000+00:00,2025-09-07 12:41:50.212000+00:00,humidity,stuck_at,
4_14,4,2025-09-10 07:32:29.370000+00:00,2025-09-10 07:47:29.370000+00:00,power,stuck_at,
4_15,4,2025-09-24 05:05:49.555000+00:00,2025-09-24 05:36:49.555000+00:00,power,dropout,
4_16,4,2025-09-07 22:48:02.689000+00:00,2025-09-07 23:04:02.689000+00:00,weight,dropout,
4_17,4,2025-09-08 05:42:59.938000+00:00,2025-09-08 07:09:59.938000+00:00,temperature,stuck_at,
4_18,4,2025-09-10 08:01:55.558000+00:00,2025-09-10 08:10:55.558000+00:00,temperature,spike,9.91992672861868
4_19,4,2025-09-07 19:04:19.353000+00:00,2025-09-07 19:30:19.353000+00:00,humidity,dropout,
4_20,4,2025-09-24 12:48:30.222000+00:00,2025-09-24 12:58:30.222000+00:00,humidity,spike,32.36171236903487
4_21,4,2025-09-06 01:37:10.638000+00:00,2025-09-06 01:52:10.638000+00:00,humidity,spike,24.264729936529633
4_22,4,2025-09-06 08:07:03.819000+00:00,2025-09-06 08:19:03.819000+00:00,power,dropout,
4_23,4,2025-09-10 02:14:37.699000+00:00,2025-09-10 02:31:37.699000+00:00,power,stuck_at,
4_24,4,2025-09-10 03:46:47.652000+00:00,2025-09-10 03:57:47.652000+00:00,weight,spike,3031.9666166553175
4_25,4,2025-09-06 11:56:00.072000+00:00,2025-09-06 12:05:00.072000+00:00,temperature,spike,13.855290115039828
4_26,4,2025-09-07 03:06:34.114000+00:00,2025-09-07 03:21:34.114000+00:00,temperature,spike,8.35498008616565
4_27,4,2025-09-24 01:34:09.285000+00:00,2025-09-24 01:40:09.285000+00:00,temperature,spike,14.794400126890805
4_28,4,2025-09-06 22:32:07.874000+00:00,2025-09-06 22:56:07.874000+00:00,temperature,dropout,
4_29,4,2025-10-01 19:36:04.100000+00:00,2025-10-01 19:49:04.100000+00:00,weight,spike,5312.132322889133
4_30,4,2025-09-24 03:39:31.487000+00:00,2025-09-24 04:30:31.487000+00:00,weight,dropout,
4_31,4,2025-09-06 18:02:58.969000+00:00,2025-09-06 20:24:58.969000+00:00,temperature,drift,4.9950685475431404
4_32,4,2025-09-08 14:39:57.194000+00:00,2025-09-08 16:12:57.194000+00:00,weight,stuck_at,
4_33,4,2025-09-24 00:47:30.434000+00:00,2025-09-24 00:56:30.434000+00:00,power,spike,1252.783745310837
4_34,4,2025-09-10 06:44:31.942000+00:00,2025-09-10 06:50:31.942000+00:00,humidity,spike,38.41035794362563
4_35,4,2025-09-08 13:12:37.088000+00:00,2025-09-08 13:32:37.088000+00:00,weight,stuck_at,
4_36,4,2025-09-24 08:54:21.447000+00:00,2025-09-24 09:01:21.447000+00:00,temperature,spike,-14.62325044414616
4_37,4,2025-09-10 12:52:23.284000+00:00,2025-09-10 12:58:23.284000+00:00,humidity,spike,-39.45683219905164
4_38,4,2025-09-10 14:17:24.190000+00:00,2025-09-10 15:29:24.190000+00:00,humidity,stuck_at,
4_39,4,2025-09-08 01:57:02.349000+00:00,2025-09-08 05:34:02.349000+00:00,weight,drift,2411.075953530904
4_40,4,2025-10-02 08:59:42.999000+00:00,2025-10-02 10:20:42.999000+00:00,temperature,drift,-6.202730744211493
4_41,4,2025-09-07 17:34:19.083000+00:00,2025-09-07 17:45:19.083000+00:00,humidity,spike,-33.186197414031696
4_42,4,2025-09-07 15:34:39.834000+00:00,2025-09-07 16:32:39.834000+00:00,power,stuck_at,
4_43,4,2025-09-08 10:16:40.729000+00:00,2025-09-08 11:14:40.729000+00:00,temperature,dropout,
4_44,4,2025-09-06 20:31:49.044000+00:00,2025-09-06 22:23:49.044000+00:00,humidity,stuck_at,
5_0,5,2026-03-28 20:46:38.177000+00:00,2026-03-28 20:54:38.177000+00:00,weight,spike,7552.597873190031
5_1,5,2026-04-01 17:26:34.124000+00:00,2026-04-01 18:50:34.124000+00:00,weight,stuck_at,
5_2,5,2026-05-02 17:53:47.253000+00:00,2026-05-02 21:15:47.253000+00:00,temperature,drift,14.995043127130451
5_3,5,2026-04-29 15:02:34.740000+00:00,2026-04-29 15:30:34.740000+00:00,power,stuck_at,
5_4,5,2026-03-25 09:50:50.421000+00:00,2026-03-25 10:37:50.421000+00:00,weight,dropout,
5_5,5,2026-03-06 03:03:32.445000+00:00,2026-03-06 04:47:32.445000+00:00,power,drift,-1674.023145315338
5_6,5,2026-02-09 21:18:23.122000+00:00,2026-02-09 22:38:23.122000+00:00,temperature,drift,-16.120041019316435
5_7,5,2026-02-20 14:23:22.217000+00:00,2026-02-20 14:36:22.217000+00:00,temperature,dropout,
5_8,5,2026-02-03 18:03:18.559000+00:00,2026-02-03 18:25:18.559000+00:00,humidity,stuck_at,
5_9,5,2026-04-24 17:34:07.154000+00:00,2026-04-24 20:41:07.154000+00:00,power,drift,1160.8224294913496
5_10,5,2026-05-02 11:47:50.748000+00:00,2026-05-02 11:58:50.748000+00:00,temperature,spike,-28.429864452332442
5_11,5,2026-04-10 13:16:01.191000+00:00,2026-04-10 13:41:01.191000+00:00,humidity,dropout,
5_12,5,2026-02-03 10:50:01.352000+00:00,2026-02-03 11:47:01.352000+00:00,humidity,dropout,
5_13,5,2026-02-19 21:33:31.012000+00:00,2026-02-19 23:08:31.012000+00:00,temperature,stuck_at,
5_14,5,2026-05-04 19:43:58.566000+00:00,2026-05-04 20:42:58.566000+00:00,temperature,stuck_at,
5_15,5,2026-04-23 09:43:33.248000+00:00,2026-04-23 10:03:33.248000+00:00,weight,dropout,
5_16,5,2026-02-17 00:10:49.625000+00:00,2026-02-17 00:53:49.625000+00:00,power,dropout,
5_17,5,2026-03-10 20:20:54.226000+00:00,2026-03-10 22:04:54.226000+00:00,humidity,stuck_at,
5_18,5,2026-02-05 18:28:54.337000+00:00,2026-02-05 18:41:54.337000+00:00,power,spike,-2199.3881747908367
5_19,5,2026-02-23 20:16:12.518000+00:00,2026-02-23 20:41:12.518000+00:00,temperature,dropout,
5_20,5,2026-02-06 00:43:33.545000+00:00,2026-02-06 00:58:33.545000+00:00,power,spike,-1851.3385721641416
5_21,5,2026-05-05 07:31:47.453000+00:00,2026-05-05 09:59:47.453000+00:00,temperature,drift,12.394514638681722
5_22,5,2026-02-10 01:15:14.413000+00:00,2026-02-10 01:22:14.413000+00:00,temperature,spike,19.47020777791912
5_23,5,2026-04-30 10:32:45.163000+00:00,2026-04-30 11:22:45.163000+00:00,power,stuck_at,
5_24,5,2026-02-20 22:36:44.353000+00:00,2026-02-20 22:51:44.353000+00:00,humidity,spike,-70.37578620148324
5_25,5,2026-04-30 03:22:51.201000+00:00,2026-04-30 03:27:51.201000+00:00,humidity,spike,-76.27189320727545
5_26,5,2026-02-03 04:36:31.023000+00:00,2026-02-03 07:24:31.023000+00:00,temperature,drift,-10.0943073215662
5_27,5,2026-04-13 20:55:33.900000+00:00,2026-04-13 22:17:33.900000+00:00,weight,stuck_at,
5_28,5,2026-03-22 03:56:59.472000+00:00,2026-03-22 04:37:59.472000+00:00,power,dropout,
5_29,5,2026-04-28 06:45:12.564000+00:00,2026-04-28 07:28:12.564000+00:00,power,dropout,
5_30,5,2026-04-02 05:40:54.543000+00:00,2026-04-02 06:25:54.543000+00:00,weight,stuck_at,
5_31,5,2026-02-11 21:11:28.614000+00:00,2026-02-11 22:05:28.614000+00:00,humidity,dropout,
5_32,5,2026-04-21 03:21:19.187000+00:00,2026-04-21 03:34:19.187000+00:00,weight,spike,-6905.638962743013
5_33,5,2026-05-03 08:32:12.832000+00:00,2026-05-03 09:03:12.832000+00:00,weight,dropout,
5_34,5,2026-03-04 03:17:15.335000+00:00,2026-03-04 03:23:15.335000+00:00,power,spike,2610.1770151647593
5_35,5,2026-02-02 23:52:06.184000+00:00,2026-02-03 00:43:06.184000+00:00,weight,stuck_at,
5_36,5,2026-05-04 13:10:40.153000+00:00,2026-05-04 13:15:40.153000+00:00,humidity,spike,-77.16614432101413
5_37,5,2026-02-12 16:44:35.704000+00:00,2026-02-12 17:14:35.704000+00:00,temperature,dropout,
5_38,5,2026-04-20 14:18:48.067000+00:00,2026-04-20 14:28:48.067000+00:00,weight,spike,-8586.59266722651
5_39,5,2026-02-06 19:41:21.944000+00:00,2026-02-06 19:52:21.944000+00:00,temperature,dropout,
5_40,5,2026-03-13 21:55:19.407000+00:00,2026-03-13 23:03:19.407000+00:00,power,drift,-1517.6843014232684
5_41,5,2026-04-18 10:41:41.617000+00:00,2026-04-18 11:24:41.617000+00:00,weight,dropout,
5_42,5,2026-03-15 18:28:52.387000+00:00,2026-03-15 18:41:52.387000+00:00,power,spike,1583.1783048525747
5_43,5,2026-02-02 23:28:49.704000+00:00,2026-02-02 23:43:49.704000+00:00,temperature,dropout,
5_44,5,2026-04-06 07:49:23.681000+00:00,2026-04-06 08:12:23.681000+00:00,weight,dropout,
5_45,5,2026-04-10 03:05:05.591000+00:00,2026-04-10 04:40:05.591000+00:00,temperature,stuck_at,
5_46,5,2026-03-01 10:40:22.441000+00:00,2026-03-01 11:24:22.441000+00:00,weight,dropout,
5_47,5,2026-04-10 20:59:17.613000+00:00,2026-04-10 21:13:17.613000+00:00,humidity,spike,73.58254746520618
5_48,5,2026-03-20 01:13:39.041000+00:00,2026-03-20 01:24:39.041000+00:00,humidity,spike,95.48852095997273
5_49,5,2026-03-04 18:06:57.687000+00:00,2026-03-04 19:28:57.687000+00:00,power,stuck_at,
5_50,5,2026-05-05 11:07:10.429000+00:00,2026-05-05 11:44:10.429000+00:00,humidity,dropout,
5_51,5,2026-03-31 02:25:45.810000+00:00,2026-03-31 03:12:45.810000+00:00,weight,dropout,
5_52,5,2026-02-12 12:22:34.783000+00:00,2026-02-12 12:32:34.783000+00:00,humidity,spike,-63.755834171837265
5_53,5,2026-03-20 07:28:44.377000+00:00,2026-03-20 08:14:44.377000+00:00,temperature,stuck_at,
5_54,5,2026-03-11 23:08:32.842000+00:00,2026-03-12 00:02:32.842000+00:00,weight,dropout,
5_55,5,2026-05-02 13:13:45+00:00,2026-05-02 16:53:45+00:00,humidity,drift,56.479856326823445
5_56,5,2026-03-12 05:21:39.525000+00:00,2026-03-12 06:06:39.525000+00:00,power,stuck_at,
5_57,5,2026-05-04 10:21:50.582000+00:00,2026-05-04 10:42:50.582000+00:00,humidity,dropout,
5_58,5,2026-02-04 12:53:01.640000+00:00,2026-02-04 14:10:01.640000+00:00,temperature,stuck_at,
5_59,5,2026-03-05 00:10:59.056000+00:00,2026-03-05 01:53:59.056000+00:00,power,drift,-931.8837335982049
5_60,5,2026-03-03 18:13:11.321000+00:00,2026-03-03 19:13:11.321000+00:00,power,drift,-1392.7362019764068
5_61,5,2026-04-03 02:41:14.142000+00:00,2026-04-03 03:30:14.142000+00:00,weight,dropout,
5_62,5,2026-05-01 20:19:58.478000+00:00,2026-05-01 22:45:58.478000+00:00,power,drift,1521.784528844356
5_63,5,2026-03-02 09:12:47.779000+00:00,2026-03-02 12:13:47.779000+00:00,power,drift,969.2681725334478
5_64,5,2026-02-13 23:51:01.693000+00:00,2026-02-13 23:59:01.693000+00:00,weight,spike,-7398.123337467936
5_65,5,2026-04-30 16:29:45.975000+00:00,2026-04-30 17:05:45.975000+00:00,power,dropout,
5_66,5,2026-04-30 22:37:41.182000+00:00,2026-04-30 23:43:41.182000+00:00,temperature,drift,8.261436941455969
5_67,5,2026-02-11 05:25:11.395000+00:00,2026-02-11 06:34:11.395000+00:00,temperature,drift,-12.040952357085605
5_68,5,2026-02-06 05:56:20.499000+00:00,2026-02-06 06:44:20.499000+00:00,power,stuck_at,
5_69,5,2026-04-03 03:52:55.919000+00:00,2026-04-03 03:58:55.919000+00:00,power,spike,-1612.6347158885417
5_70,5,2026-02-25 19:48:27.961000+00:00,2026-02-25 20:20:27.961000+00:00,weight,dropout,
5_71,5,2026-02-18 23:12:46.212000+00:00,2026-02-18 23:47:46.212000+00:00,humidity,dropout,
5_72,5,2026-02-19 19:24:03.566000+00:00,2026-02-19 19:30:03.566000+00:00,humidity,spike,-80.05631275869777
5_73,5,2026-02-06 07:51:41.801000+00:00,2026-02-06 11:39:41.801000+00:00,temperature,drift,12.100837704497907
5_74,5,2026-02-04 04:46:16.082000+00:00,2026-02-04 05:16:16.082000+00:00,temperature,stuck_at,
5_75,5,2026-04-30 13:16:39.228000+00:00,2026-04-30 13:26:39.228000+00:00,temperature,dropout,
5_76,5,2026-02-19 02:59:29.751000+00:00,2026-02-19 03:04:29.751000+00:00,power,spike,-2464.515157958031
5_77,5,2026-03-20 15:46:11.766000+00:00,2026-03-20 17:02:11.766000+00:00,temperature,drift,-15.463895009255362
5_78,5,2026-03-01 09:57:52.151000+00:00,2026-03-01 10:21:52.151000+00:00,power,dropout,
5_79,5,2026-03-20 09:38:10.505000+00:00,2026-03-20 09:49:10.505000+00:00,power,spike,2441.8707816918304
5_80,5,2026-02-18 17:44:58.794000+00:00,2026-02-18 18:12:58.794000+00:00,temperature,dropout,
5_81,5,2026-02-14 20:01:55.651000+00:00,2026-02-14 23:25:55.651000+00:00,weight,drift,2968.073124772105
5_82,5,2026-02-12 04:31:23.389000+00:00,2026-02-12 05:53:23.389000+00:00,humidity,stuck_at,
5_83,5,2026-02-04 01:59:15.456000+00:00,2026-02-04 02:46:15.456000+00:00,temperature,dropout,
5_84,5,2026-04-14 18:15:37.627000+00:00,2026-04-14 19:39:37.627000+00:00,temperature,stuck_at,
5_85,5,2026-04-15 18:39:40.854000+00:00,2026-04-15 19:04:40.854000+00:00,weight,dropout,
5_86,5,2026-02-18 16:45:16.602000+00:00,2026-02-18 17:01:16.602000+00:00,humidity,dropout,
5_87,5,2026-02-10 19:45:29.028000+00:00,2026-02-10 20:13:29.028000+00:00,temperature,stuck_at,
5_88,5,2026-02-15 11:17:37.397000+00:00,2026-02-15 11:27:37.397000+00:00,power,spike,1532.7880197944628
5_89,5,2026-05-05 02:55:47.881000+00:00,2026-05-05 03:33:47.881000+00:00,temperature,dropout,
5_90,5,2026-02-15 21:25:15.949000+00:00,2026-02-15 22:21:15.949000+00:00,weight,stuck_at,
5_91,5,2026-03-17 09:50:15.789000+00:00,2026-03-17 10:14:15.789000+00:00,power,stuck_at,
5_92,5,2026-04-14 11:44:22.952000+00:00,2026-04-14 13:04:22.952000+00:00,temperature,stuck_at,
5_93,5,2026-05-03 21:05:17.658000+00:00,2026-05-03 21:16:17.658000+00:00,humidity,spike,54.1101753188256
5_94,5,2026-02-27 16:03:24.734000+00:00,2026-02-27 16:09:24.734000+00:00,weight,spike,8430.667568987945
5_95,5,2026-02-24 04:08:31.421000+00:00,2026-02-24 06:58:31.421000+00:00,weight,drift,3593.042539273592
5_96,5,2026-04-17 15:21:47.397000+00:00,2026-04-17 15:58:47.397000+00:00,weight,dropout,
5_97,5,2026-04-14 04:27:33.073000+00:00,2026-04-14 06:02:33.073000+00:00,humidity,stuck_at,
5_98,5,2026-05-01 07:00:10.760000+00:00,2026-05-01 07:31:10.760000+00:00,temperature,dropout,
5_99,5,2026-05-01 01:16:25.678000+00:00,2026-05-01 01:29:25.678000+00:00,temperature,spike,-27.08034696214649
5_100,5,2026-02-18 19:22:08.548000+00:00,2026-02-18 19:53:08.548000+00:00,humidity,stuck_at,
5_101,5,2026-02-21 00:18:53.040000+00:00,2026-02-21 02:06:53.040000+00:00,power,drift,992.6661953701791
5_102,5,2026-02-28 14:49:09.490000+00:00,2026-02-28 15:45:09.490000+00:00,power,dropout,
5_103,5,2026-05-01 19:59:44.815000+00:00,2026-05-01 20:09:44.815000+00:00,humidity,spike,58.703888788453824
5_104,5,2026-04-20 07:05:16.240000+00:00,2026-04-20 07:50:16.240000+00:00,power,dropout,
5_105,5,2026-03-20 12:05:48.106000+00:00,2026-03-20 12:20:48.106000+00:00,temperature,stuck_at,
5_106,5,2026-05-04 17:42:37.718000+00:00,2026-05-04 17:57:37.718000+00:00,temperature,spike,-24.639177479382347
5_107,5,2026-03-15 20:39:18.129000+00:00,2026-03-15 21:21:18.129000+00:00,power,dropout,
5_108,5,2026-02-03 09:51:20.727000+00:00,2026-02-03 10:42:20.727000+00:00,humidity,stuck_at,
5_109,5,2026-03-24 04:42:34.741000+00:00,2026-03-24 06:36:34.741000+00:00,weight,stuck_at,
5_110,5,2026-02-19 19:57:27.099000+00:00,2026-02-19 21:32:27.099000+00:00,temperature,drift,-14.523173109538895
5_111,5,2026-03-12 20:10:27.694000+00:00,2026-03-12 21:10:27.694000+00:00,weight,dropout,
5_112,5,2026-03-17 00:52:34.023000+00:00,2026-03-17 01:05:34.023000+00:00,weight,dropout,
5_113,5,2026-02-26 23:46:38.898000+00:00,2026-02-26 23:54:38.898000+00:00,power,spike,1676.6929652946908
5_114,5,2026-03-16 11:05:32.436000+00:00,2026-03-16 11:52:32.436000+00:00,power,dropout,
5_115,5,2026-02-12 11:15:50.024000+00:00,2026-02-12 11:47:50.024000+00:00,weight,stuck_at,
5_116,5,2026-02-04 22:17:06.456000+00:00,2026-02-04 23:46:06.456000+00:00,humidity,drift,34.81623394229427
5_117,5,2026-02-15 10:01:48.282000+00:00,2026-02-15 10:59:48.282000+00:00,power,stuck_at,
5_118,5,2026-02-13 21:07:07.982000+00:00,2026-02-13 21:19:07.982000+00:00,power,spike,-1935.022920875338
5_119,5,2026-04-04 07:24:14.603000+00:00,2026-04-04 07:43:14.603000+00:00,weight,dropout,
5_120,5,2026-04-10 22:06:02.909000+00:00,2026-04-11 00:27:02.909000+00:00,temperature,drift,16.335111216333022
5_121,5,2026-03-26 12:25:55.339000+00:00,2026-03-26 12:52:55.339000+00:00,weight,dropout,
5_122,5,2026-03-11 04:32:12.790000+00:00,2026-03-11 05:13:12.790000+00:00,weight,stuck_at,
5_123,5,2026-02-05 09:56:38.102000+00:00,2026-02-05 10:02:38.102000+00:00,humidity,spike,99.98912482682695
5_124,5,2026-03-25 05:05:44.629000+00:00,2026-03-25 05:13:44.629000+00:00,power,spike,-2283.5943012262
5_125,5,2026-05-02 00:32:41.619000+00:00,2026-05-02 01:43:41.619000+00:00,humidity,stuck_at,
5_126,5,2026-05-02 02:16:48.299000+00:00,2026-05-02 02:30:48.299000+00:00,humidity,spike,-61.65958042016069
5_127,5,2026-03-01 08:00:28.177000+00:00,2026-03-01 08:37:28.177000+00:00,power,stuck_at,
5_128,5,2026-02-19 09:23:22.976000+00:00,2026-02-19 09:52:22.976000+00:00,temperature,dropout,
5_129,5,2026-02-11 16:46:13.120000+00:00,2026-02-11 17:12:13.120000+00:00,temperature,dropout,
5_130,5,2026-03-26 01:04:34.803000+00:00,2026-03-26 03:16:34.803000+00:00,power,drift,982.1125589157073
5_131,5,2026-04-16 00:11:17.705000+00:00,2026-04-16 00:28:17.705000+00:00,power,dropout,
5_132,5,2026-03-04 01:25:03.282000+00:00,2026-03-04 01:57:03.282000+00:00,weight,dropout,
5_133,5,2026-03-27 20:49:31.360000+00:00,2026-03-27 21:04:31.360000+00:00,power,stuck_at,
5_134,5,2026-02-10 23:05:49.408000+00:00,2026-02-10 23:29:49.408000+00:00,humidity,dropout,
5_135,5,2026-04-14 20:03:48.935000+00:00,2026-04-14 23:27:48.935000+00:00,humidity,drift,-44.82531046445068
5_136,5,2026-02-11 18:46:43.697000+00:00,2026-02-11 20:04:43.697000+00:00,weight,stuck_at,
5_137,5,2026-03-25 19:28:55.305000+00:00,2026-03-25 23:19:55.305000+00:00,weight,drift,-2867.3897928834467
5_138,5,2026-04-23 22:21:48.367000+00:00,2026-04-23 22:36:48.367000+00:00,weight,spike,4715.978622070807
5_139,5,2026-05-01 15:57:02.526000+00:00,2026-05-01 19:38:02.526000+00:00,humidity,drift,41.23724493780224
5_140,5,2026-04-14 08:25:11.301000+00:00,2026-04-14 09:22:11.301000+00:00,humidity,stuck_at,
5_141,5,2026-04-28 13:35:20.723000+00:00,2026-04-28 15:06:20.723000+00:00,weight,stuck_at,
5_142,5,2026-04-09 18:26:50.261000+00:00,2026-04-09 20:00:50.261000+00:00,humidity,drift,-44.18020541567862
5_143,5,2026-03-10 16:37:21.694000+00:00,2026-03-10 20:06:21.694000+00:00,temperature,drift,-9.3037018833642
5_144,5,2026-04-16 17:43:49.781000+00:00,2026-04-16 18:36:49.781000+00:00,power,dropout,
5_145,5,2026-02-20 12:53:23.012000+00:00,2026-02-20 13:05:23.012000+00:00,power,spike,-1960.7723370760084
5_146,5,2026-04-10 05:57:02.343000+00:00,2026-04-10 06:21:02.343000+00:00,temperature,dropout,
5_147,5,2026-04-01 05:27:09.375000+00:00,2026-04-01 06:06:09.375000+00:00,power,dropout,
5_148,5,2026-02-11 02:52:27.308000+00:00,2026-02-11 03:39:27.308000+00:00,humidity,stuck_at,
5_149,5,2026-03-16 05:50:13.889000+00:00,2026-03-16 09:46:13.889000+00:00,weight,drift,4598.516951960981
5_150,5,2026-04-10 04:53:18.598000+00:00,2026-04-10 05:02:18.598000+00:00,weight,spike,7364.494024855903
5_151,5,2026-04-30 18:50:11.231000+00:00,2026-04-30 20:21:11.231000+00:00,humidity,drift,-60.74868834982189
5_152,5,2026-03-23 02:22:23.109000+00:00,2026-03-23 05:00:23.109000+00:00,power,drift,1499.9458100670734
5_153,5,2026-04-28 23:45:52.949000+00:00,2026-04-29 01:29:52.949000+00:00,power,drift,-1847.2329164651678
5_154,5,2026-02-04 05:23:43.938000+00:00,2026-02-04 06:22:43.938000+00:00,power,dropout,
5_155,5,2026-02-27 19:29:56.655000+00:00,2026-02-27 21:05:56.655000+00:00,power,stuck_at,
5_156,5,2026-03-20 13:15:34.754000+00:00,2026-03-20 13:49:34.754000+00:00,temperature,dropout,
5_157,5,2026-02-20 04:45:09.815000+00:00,2026-02-20 06:04:09.815000+00:00,temperature,stuck_at,
5_158,5,2026-03-20 02:36:32.892000+00:00,2026-03-20 03:43:32.892000+00:00,temperature,drift,9.240062672799057
5_159,5,2026-05-04 04:35:05.280000+00:00,2026-05-04 04:46:05.280000+00:00,temperature,dropout,
5_160,5,2026-04-13 16:11:31.262000+00:00,2026-04-13 18:05:31.262000+00:00,temperature,stuck_at,
5_161,5,2026-02-19 06:55:52.476000+00:00,2026-02-19 07:13:52.476000+00:00,weight,dropout,
5_162,5,2026-03-23 22:18:20.370000+00:00,2026-03-24 00:57:20.370000+00:00,weight,drift,4650.181433869568
5_163,5,2026-02-04 10:37:25.879000+00:00,2026-02-04 12:37:25.879000+00:00,temperature,stuck_at,
5_164,5,2026-03-20 22:14:51.497000+00:00,2026-03-20 22:50:51.497000+00:00,temperature,dropout,
5_165,5,2026-02-06 13:04:30.357000+00:00,2026-02-06 13:11:30.357000+00:00,humidity,spike,89.0740153707686
5_166,5,2026-04-13 22:41:44.447000+00:00,2026-04-14 02:03:44.447000+00:00,humidity,drift,46.27716182514217
5_167,5,2026-02-17 04:23:38.999000+00:00,2026-02-17 04:30:38.999000+00:00,power,spike,2915.4641867876458
5_168,5,2026-02-11 09:02:43.351000+00:00,2026-02-11 09:08:43.351000+00:00,humidity,spike,-56.23701584074609
5_169,5,2026-02-05 06:49:23.834000+00:00,2026-02-05 06:58:23.834000+00:00,temperature,spike,23.736123045406128
5_170,5,2026-02-04 15:19:48.148000+00:00,2026-02-04 15:37:48.148000+00:00,humidity,dropout,
5_171,5,2026-03-20 10:14:34.565000+00:00,2026-03-20 10:28:34.565000+00:00,temperature,spike,15.721466533301877
5_172,5,2026-03-11 12:07:12.702000+00:00,2026-03-11 12:12:12.702000+00:00,power,spike,-1827.1229041439306
5_173,5,2026-03-16 03:42:53.237000+00:00,2026-03-16 03:47:53.237000+00:00,power,spike,3095.4267558787687
5_174,5,2026-02-23 17:47:26.922000+00:00,2026-02-23 17:59:26.922000+00:00,power,spike,-2169.8457484125747
5_175,5,2026-02-24 16:59:52.387000+00:00,2026-02-24 17:14:52.387000+00:00,power,spike,-1904.5200417671242
5_176,5,2026-03-01 05:40:52.367000+00:00,2026-03-01 06:25:52.367000+00:00,power,stuck_at,
5_177,5,2026-02-04 15:45:06.849000+00:00,2026-02-04 17:00:06.849000+00:00,temperature,stuck_at,
5_178,5,2026-02-19 10:38:11.077000+00:00,2026-02-19 12:31:11.077000+00:00,temperature,stuck_at,
5_179,5,2026-02-16 07:11:40.279000+00:00,2026-02-16 08:59:40.279000+00:00,power,drift,1149.891733801389
5_180,5,2026-04-23 19:13:43.290000+00:00,2026-04-23 22:08:43.290000+00:00,weight,drift,-2308.4138762681073
5_181,5,2026-02-20 12:30:07.908000+00:00,2026-02-20 12:41:07.908000+00:00,temperature,spike,-27.251437878728485
5_182,5,2026-04-23 12:17:12.049000+00:00,2026-04-23 14:43:12.049000+00:00,power,drift,852.6010765979385
5_183,5,2026-02-20 20:07:05.675000+00:00,2026-02-20 22:32:05.675000+00:00,temperature,drift,8.687218195121606
5_184,5,2026-02-09 16:19:32.773000+00:00,2026-02-09 16:45:32.773000+00:00,temperature,dropout,
5_185,5,2026-04-30 06:48:11.927000+00:00,2026-04-30 07:39:11.927000+00:00,humidity,stuck_at,
5_186,5,2026-02-05 02:14:04.785000+00:00,2026-02-05 02:50:04.785000+00:00,humidity,stuck_at,
5_187,5,2026-04-16 21:13:16.504000+00:00,2026-04-16 21:28:16.504000+00:00,weight,dropout,
5_188,5,2026-03-20 19:44:08.104000+00:00,2026-03-20 19:50:08.104000+00:00,temperature,spike,16.2592871541062
5_189,5,2026-04-16 23:14:41.980000+00:00,2026-04-16 23:29:41.980000+00:00,power,spike,2849.270042657015
5_190,5,2026-02-10 23:35:09.111000+00:00,2026-02-11 01:35:09.111000+00:00,temperature,stuck_at,
5_191,5,2026-02-12 19:35:32.119000+00:00,2026-02-12 23:26:32.119000+00:00,humidity,drift,58.9882938790143
5_192,5,2026-05-04 00:36:31.336000+00:00,2026-05-04 01:26:31.336000+00:00,temperature,dropout,
5_193,5,2026-05-03 10:29:27.097000+00:00,2026-05-03 13:05:27.097000+00:00,humidity,drift,42.42617568738327
5_194,5,2026-03-21 14:33:50.800000+00:00,2026-03-21 17:18:50.800000+00:00,power,drift,-1164.7151389447142
5_195,5,2026-02-04 23:55:21.041000+00:00,2026-02-05 00:10:21.041000+00:00,temperature,spike,19.699418076528033
5_196,5,2026-04-30 02:06:58.855000+00:00,2026-04-30 03:07:58.855000+00:00,humidity,stuck_at,
5_197,5,2026-03-15 14:55:33.486000+00:00,2026-03-15 15:42:33.486000+00:00,power,dropout,
5_198,5,2026-05-03 07:36:36.873000+00:00,2026-05-03 07:59:36.873000+00:00,humidity,dropout,
5_199,5,2026-05-03 09:18:41.129000+00:00,2026-05-03 10:21:41.129000+00:00,humidity,stuck_at,
5_200,5,2026-02-20 01:46:15.095000+00:00,2026-02-20 03:54:15.095000+00:00,temperature,drift,15.141187055553598
5_201,5,2026-03-28 15:07:34.782000+00:00,2026-03-28 16:45:34.782000+00:00,power,drift,1678.9645879580548
5_202,5,2026-02-23 21:14:53.127000+00:00,2026-02-24 00:43:53.127000+00:00,weight,drift,4633.577080306165
5_203,5,2026-05-01 12:17:35.221000+00:00,2026-05-01 13:00:35.221000+00:00,temperature,dropout,
5_204,5,2026-02-05 13:34:13.153000+00:00,2026-02-05 13:49:13.153000+00:00,humidity,dropout,
5_205,5,2026-02-12 13:54:36.581000+00:00,2026-02-12 14:50:36.581000+00:00,weight,dropout,
5_206,5,2026-02-18 22:23:12.250000+00:00,2026-02-18 22:36:12.250000+00:00,humidity,spike,80.77821188692724
5_207,5,2026-02-03 01:15:21.485000+00:00,2026-02-03 01:24:21.485000+00:00,humidity,spike,96.76250909652693
5_208,5,2026-03-14 05:22:09.117000+00:00,2026-03-14 09:01:09.117000+00:00,power,drift,-1460.0727300897913
5_209,5,2026-03-18 21:41:41.812000+00:00,2026-03-18 23:10:41.812000+00:00,weight,drift,4067.8498704591393
5_210,5,2026-05-03 00:32:09.416000+00:00,2026-05-03 00:39:09.416000+00:00,weight,spike,9177.899021740177
5_211,5,2026-04-30 10:00:23.142000+00:00,2026-04-30 10:19:23.142000+00:00,power,dropout,
5_212,5,2026-03-29 22:00:42.208000+00:00,2026-03-29 23:48:42.208000+00:00,power,stuck_at,
5_213,5,2026-05-04 06:59:40.143000+00:00,2026-05-04 08:17:40.143000+00:00,temperature,drift,13.954296268228845
5_214,5,2026-02-15 23:00:17.088000+00:00,2026-02-16 01:06:17.088000+00:00,power,drift,-933.4476466568776
5_215,5,2026-04-23 07:16:00.462000+00:00,2026-04-23 07:37:00.462000+00:00,power,dropout,
5_216,5,2026-05-01 02:14:05.763000+00:00,2026-05-01 02:26:05.763000+00:00,humidity,spike,79.34747691318583
5_217,5,2026-04-02 11:38:18.409000+00:00,2026-04-02 14:22:18.409000+00:00,weight,drift,3662.444206551666
5_218,5,2026-02-05 16:24:19.375000+00:00,2026-02-05 16:40:19.375000+00:00,weight,dropout,
5_219,5,2026-05-03 16:55:35.948000+00:00,2026-05-03 18:51:35.948000+00:00,humidity,stuck_at,
5_220,5,2026-05-04 22:39:56.755000+00:00,2026-05-04 22:50:56.755000+00:00,temperature,spike,23.86894163488182
5_221,5,2026-05-05 03:45:19.107000+00:00,2026-05-05 05:09:19.107000+00:00,humidity,drift,66.08499748204648
5_222,5,2026-02-06 01:34:10.989000+00:00,2026-02-06 01:46:10.989000+00:00,temperature,spike,28.274563913834704
5_223,5,2026-03-03 17:10:29.375000+00:00,2026-03-03 17:25:29.375000+00:00,power,dropout,
5_224,5,2026-04-30 20:40:26.196000+00:00,2026-04-30 20:54:26.196000+00:00,temperature,spike,-22.48557384475013
5_225,5,2026-03-28 23:49:49.809000+00:00,2026-03-29 00:03:49.809000+00:00,power,spike,2215.5338948061235
5_226,5,2026-03-04 04:17:56.027000+00:00,2026-03-04 05:28:56.027000+00:00,power,drift,-1020.6848575037459
5_227,5,2026-05-02 22:37:52.725000+00:00,2026-05-02 23:12:52.725000+00:00,humidity,stuck_at,
5_228,5,2026-04-10 17:43:01.274000+00:00,2026-04-10 17:55:01.274000+00:00,temperature,spike,-26.808965344384145
5_229,5,2026-03-13 09:08:54.527000+00:00,2026-03-13 10:00:54.527000+00:00,weight,dropout,
5_230,5,2026-04-29 18:23:36.146000+00:00,2026-04-29 18:39:36.146000+00:00,weight,dropout,
5_231,5,2026-04-10 12:14:17.542000+00:00,2026-04-10 12:51:17.542000+00:00,humidity,dropout,
5_232,5,2026-04-14 15:49:00.809000+00:00,2026-04-14 16:22:00.809000+00:00,humidity,dropout,
5_233,5,2026-04-14 16:58:48.396000+00:00,2026-04-14 17:11:48.396000+00:00,weight,spike,-9070.859818216975
5_234,5,2026-02-05 07:25:50.007000+00:00,2026-02-05 07:39:50.007000+00:00,weight,dropout,
5_235,5,2026-02-20 16:34:44.479000+00:00,2026-02-20 18:47:44.479000+00:00,temperature,drift,12.14846798819447
5_236,5,2026-02-20 06:53:33.316000+00:00,2026-02-20 07:42:33.316000+00:00,temperature,dropout,
5_237,5,2026-02-24 08:58:39.993000+00:00,2026-02-24 10:33:39.993000+00:00,power,stuck_at,
5_238,5,2026-02-05 00:41:56.158000+00:00,2026-02-05 01:21:56.158000+00:00,temperature,dropout,
5_239,5,2026-03-03 06:40:47.949000+00:00,2026-03-03 07:41:47.949000+00:00,power,stuck_at,
5_240,5,2026-05-03 14:53:20.663000+00:00,2026-05-03 15:27:20.663000+00:00,temperature,dropout,
5_241,5,2026-02-28 08:56:47.587000+00:00,2026-02-28 09:07:47.587000+00:00,weight,spike,-7731.923898758846
5_242,5,2026-05-04 05:36:45.118000+00:00,2026-05-04 06:54:45.118000+00:00,temperature,stuck_at,
5_243,5,2026-04-14 03:42:03.235000+00:00,2026-04-14 03:52:03.235000+00:00,humidity,spike,-98.80159251748586
5_244,5,2026-04-19 01:20:14.131000+00:00,2026-04-19 02:54:14.131000+00:00,weight,stuck_at,
5_245,5,2026-04-30 07:52:54.427000+00:00,2026-04-30 08:25:54.427000+00:00,humidity,dropout,
5_246,5,2026-03-31 09:26:53.910000+00:00,2026-03-31 09:54:53.910000+00:00,weight,dropout,
5_247,5,2026-03-24 07:24:21.165000+00:00,2026-03-24 10:50:21.165000+00:00,weight,drift,-4978.118817117389
5_248,5,2026-03-31 07:26:44.458000+00:00,2026-03-31 09:05:44.458000+00:00,weight,drift,2839.7999928896293
5_249,5,2026-05-02 07:28:04.304000+00:00,2026-05-02 09:35:04.304000+00:00,temperature,drift,-9.095976439347963
5_250,5,2026-02-20 07:59:14.100000+00:00,2026-02-20 08:07:14.100000+00:00,humidity,spike,63.893754137680176
5_251,5,2026-02-18 15:48:37.396000+00:00,2026-02-18 16:38:37.396000+00:00,humidity,dropout,
5_252,5,2026-02-11 13:26:52.134000+00:00,2026-02-11 15:10:52.134000+00:00,humidity,drift,-46.859154235913714
5_253,5,2026-02-14 12:49:16.739000+00:00,2026-02-14 13:37:16.739000+00:00,weight,dropout,
5_254,5,2026-04-14 07:05:19.841000+00:00,2026-04-14 07:37:19.841000+00:00,temperature,dropout,
5_255,5,2026-03-06 01:57:48.886000+00:00,2026-03-06 02:10:48.886000+00:00,power,spike,-2024.1233136664607
5_256,5,2026-04-10 05:13:32.486000+00:00,2026-04-10 05:22:32.486000+00:00,temperature,spike,-20.224420342185688
5_257,5,2026-02-10 17:34:53.297000+00:00,2026-02-10 18:11:53.297000+00:00,temperature,dropout,
5_258,5,2026-05-05 13:23:37.307000+00:00,2026-05-05 13:58:37.307000+00:00,humidity,dropout,
5_259,5,2026-04-27 06:04:34.322000+00:00,2026-04-27 08:23:34.322000+00:00,weight,drift,5616.416415424791
5_260,5,2026-02-12 10:04:03.541000+00:00,2026-02-12 10:37:03.541000+00:00,humidity,dropout,
5_261,5,2026-03-20 03:58:27.120000+00:00,2026-03-20 05:14:27.120000+00:00,temperature,stuck_at,
5_262,5,2026-04-03 16:32:15.064000+00:00,2026-04-03 17:45:15.064000+00:00,power,stuck_at,
5_263,5,2026-04-13 19:54:54.442000+00:00,2026-04-13 20:09:54.442000+00:00,power,dropout,
5_264,5,2026-02-11 11:11:12.291000+00:00,2026-02-11 11:24:12.291000+00:00,temperature,spike,29.51364359079763
5_265,5,2026-02-19 15:19:18.199000+00:00,2026-02-19 15:46:18.199000+00:00,power,stuck_at,
5_266,5,2026-02-20 08:34:35.428000+00:00,2026-02-20 10:46:35.428000+00:00,temperature,drift,9.61460876007357
5_267,5,2026-04-17 19:48:45.324000+00:00,2026-04-17 20:03:45.324000+00:00,weight,spike,-8724.322024818197
5_268,5,2026-02-24 16:17:23.681000+00:00,2026-02-24 16:29:23.681000+00:00,weight,spike,-5608.458462153196
5_269,5,2026-04-29 15:32:54.826000+00:00,2026-04-29 15:55:54.826000+00:00,power,dropout,
5_270,5,2026-03-04 23:40:38.734000+00:00,2026-03-04 23:57:38.734000+00:00,power,dropout,
5_271,5,2026-03-17 19:21:38.450000+00:00,2026-03-17 21:02:38.450000+00:00,power,stuck_at,
5_272,5,2026-03-11 21:10:15.928000+00:00,2026-03-11 21:18:15.928000+00:00,power,spike,2014.3189219857868
5_273,5,2026-04-10 02:33:44.687000+00:00,2026-04-10 02:48:44.687000+00:00,humidity,spike,-96.78089400971574
5_274,5,2026-03-14 14:56:14.073000+00:00,2026-03-14 16:12:14.073000+00:00,power,stuck_at,
5_275,5,2026-02-26 06:50:23.503000+00:00,2026-02-26 08:34:23.503000+00:00,power,stuck_at,
5_276,5,2026-02-19 07:51:26.409000+00:00,2026-02-19 09:06:26.409000+00:00,temperature,stuck_at,
5_277,5,2026-05-04 08:31:39.427000+00:00,2026-05-04 10:05:39.427000+00:00,temperature,drift,12.062725525106375
5_278,5,2026-04-20 15:30:36.242000+00:00,2026-04-20 15:40:36.242000+00:00,power,spike,2018.784021742239
5_279,5,2026-05-01 09:08:34.484000+00:00,2026-05-01 10:54:34.484000+00:00,temperature,drift,11.953164991773672
5_280,5,2026-02-19 18:15:16.434000+00:00,2026-02-19 18:29:16.434000+00:00,humidity,spike,-89.58748556892604
5_281,5,2026-02-11 18:05:14.595000+00:00,2026-02-11 18:25:14.595000+00:00,temperature,dropout,
5_282,5,2026-04-24 20:41:08.799000+00:00,2026-04-24 20:46:08.799000+00:00,weight,spike,6235.586440226642
5_283,5,2026-04-17 09:37:54.967000+00:00,2026-04-17 09:47:54.967000+00:00,weight,spike,-5389.438907294858
5_284,5,2026-02-09 22:42:22.324000+00:00,2026-02-09 23:39:22.324000+00:00,temperature,dropout,
5_285,5,2026-05-04 11:21:28.231000+00:00,2026-05-04 11:57:28.231000+00:00,temperature,dropout,
6_0,6,2026-05-10 15:52:31.017000+00:00,2026-05-10 17:33:31.017000+00:00,temperature,stuck_at,
6_1,6,2026-05-18 20:03:26.481000+00:00,2026-05-18 20:48:26.481000+00:00,weight,stuck_at,
6_2,6,2026-05-15 06:06:32.236000+00:00,2026-05-15 06:13:32.236000+00:00,power,spike,1849.2925567992304
6_3,6,2026-05-17 22:47:12.941000+00:00,2026-05-18 00:32:12.941000+00:00,weight,stuck_at,
6_4,6,2026-05-13 07:44:34.408000+00:00,2026-05-13 08:43:34.408000+00:00,power,dropout,
6_5,6,2026-06-15 19:21:35.758000+00:00,2026-06-15 19:45:35.758000+00:00,weight,dropout,
6_6,6,2026-05-11 12:14:55.915000+00:00,2026-05-11 15:38:55.915000+00:00,weight,drift,-5866.007440758151
6_7,6,2026-06-20 01:14:39.190000+00:00,2026-06-20 02:00:39.190000+00:00,temperature,dropout,
6_8,6,2026-05-17 20:40:51.392000+00:00,2026-05-17 21:40:51.392000+00:00,temperature,dropout,
6_9,6,2026-06-15 05:23:01.617000+00:00,2026-06-15 08:18:01.617000+00:00,humidity,drift,-83.51425359346709
6_10,6,2026-05-18 11:40:10.242000+00:00,2026-05-18 11:51:10.242000+00:00,temperature,spike,-4.262237667708409
6_11,6,2026-06-13 09:32:41.215000+00:00,2026-06-13 12:54:41.215000+00:00,weight,drift,-6713.217140368195
6_12,6,2026-05-15 00:36:53.569000+00:00,2026-05-15 03:57:53.569000+00:00,power,drift,-1327.1241743442015
6_13,6,2026-05-14 19:15:17.712000+00:00,2026-05-14 22:04:17.712000+00:00,temperature,drift,2.5740186924492123
6_14,6,2026-05-12 11:53:36.645000+00:00,2026-05-12 12:26:36.645000+00:00,temperature,dropout,
6_15,6,2026-06-12 05:48:36.324000+00:00,2026-06-12 06:14:36.324000+00:00,weight,dropout,
6_16,6,2026-05-07 08:30:56.971000+00:00,2026-05-07 09:35:56.971000+00:00,humidity,stuck_at,
6_17,6,2026-06-21 15:27:11.478000+00:00,2026-06-21 18:55:11.478000+00:00,humidity,drift,36.019064698089736
6_18,6,2026-05-16 20:22:45.583000+00:00,2026-05-17 00:13:45.583000+00:00,humidity,drift,47.52009814931109
6_19,6,2026-05-14 22:05:13.704000+00:00,2026-05-14 22:43:13.704000+00:00,power,stuck_at,
6_20,6,2026-05-18 09:32:51.629000+00:00,2026-05-18 09:42:51.629000+00:00,weight,spike,6803.730105999316
6_21,6,2026-05-06 11:33:13.070000+00:00,2026-05-06 12:03:13.070000+00:00,temperature,dropout,
6_22,6,2026-05-08 23:56:29.254000+00:00,2026-05-09 02:16:29.254000+00:00,power,drift,1316.4008174126166
6_23,6,2026-05-28 07:25:06.299000+00:00,2026-05-28 07:40:06.299000+00:00,weight,dropout,
6_24,6,2026-06-14 15:17:29.888000+00:00,2026-06-14 15:22:29.888000+00:00,humidity,spike,-83.13929844928577
6_25,6,2026-05-07 10:42:21.204000+00:00,2026-05-07 11:33:21.204000+00:00,power,dropout,
6_26,6,2026-05-09 15:22:28.855000+00:00,2026-05-09 18:06:28.855000+00:00,power,drift,-1545.1799489820396
6_27,6,2026-05-15 23:41:17.467000+00:00,2026-05-15 23:53:17.467000+00:00,power,spike,-1493.4197311031846
6_28,6,2026-05-11 11:24:19.854000+00:00,2026-05-11 11:29:19.854000+00:00,temperature,spike,-2.534937913095875
6_29,6,2026-05-07 22:35:11.563000+00:00,2026-05-07 22:40:11.563000+00:00,power,spike,1450.1030885650873
6_30,6,2026-05-08 06:49:35.872000+00:00,2026-05-08 07:28:35.872000+00:00,weight,dropout,
6_31,6,2026-06-22 04:15:53.009000+00:00,2026-06-22 04:57:53.009000+00:00,temperature,dropout,
6_32,6,2026-05-29 17:44:58.815000+00:00,2026-05-29 20:03:58.815000+00:00,weight,drift,-5663.45786324156
6_33,6,2026-05-10 20:48:44.295000+00:00,2026-05-10 22:50:44.295000+00:00,weight,drift,-3439.400672271951
6_34,6,2026-05-13 18:12:29.358000+00:00,2026-05-13 21:33:29.358000+00:00,power,drift,788.6155597301238
6_35,6,2026-05-15 22:13:18.987000+00:00,2026-05-15 22:27:18.987000+00:00,power,spike,2173.975423193484
6_36,6,2026-05-12 01:42:03.644000+00:00,2026-05-12 01:55:03.644000+00:00,power,dropout,
6_37,6,2026-05-19 17:37:31.362000+00:00,2026-05-19 19:16:31.362000+00:00,power,drift,1534.8374540900907
6_38,6,2026-06-12 09:45:47.407000+00:00,2026-06-12 10:00:47.407000+00:00,humidity,spike,-89.39635027737944
6_39,6,2026-05-19 12:15:06.981000+00:00,2026-05-19 13:35:06.981000+00:00,humidity,stuck_at,
6_40,6,2026-06-23 12:12:16.590000+00:00,2026-06-23 13:33:16.590000+00:00,temperature,stuck_at,
6_41,6,2026-06-13 22:04:22.641000+00:00,2026-06-13 22:16:22.641000+00:00,humidity,spike,117.21429304031386
6_42,6,2026-05-07 05:43:05.035000+00:00,2026-05-07 07:17:05.035000+00:00,temperature,stuck_at,
6_43,6,2026-06-26 13:49:11.047000+00:00,2026-06-26 15:04:11.047000+00:00,humidity,drift,-58.16068091640392
6_44,6,2026-05-13 00:30:55.903000+00:00,2026-05-13 01:19:55.903000+00:00,weight,dropout,
6_45,6,2026-05-06 18:59:59.655000+00:00,2026-05-06 19:32:59.655000+00:00,power,dropout,
6_46,6,2026-05-29 00:37:58.851000+00:00,2026-05-29 01:11:58.851000+00:00,power,dropout,
6_47,6,2026-06-23 14:36:38.345000+00:00,2026-06-23 14:48:38.345000+00:00,weight,spike,8228.451132363874
6_48,6,2026-06-26 15:48:14.485000+00:00,2026-06-26 17:06:14.485000+00:00,weight,stuck_at,
6_49,6,2026-05-18 09:49:01.860000+00:00,2026-05-18 10:11:01.860000+00:00,temperature,stuck_at,
6_50,6,2026-05-29 12:09:42.505000+00:00,2026-05-29 13:15:42.505000+00:00,weight,stuck_at,
6_51,6,2026-06-12 01:12:05.307000+00:00,2026-06-12 01:47:05.307000+00:00,humidity,dropout,
6_52,6,2026-05-11 06:33:09.994000+00:00,2026-05-11 10:27:09.994000+00:00,power,drift,-866.2673532607347
6_53,6,2026-06-14 19:33:45.389000+00:00,2026-06-14 19:38:45.389000+00:00,weight,spike,-9824.077167602352
6_54,6,2026-05-06 15:16:35.900000+00:00,2026-05-06 16:46:35.900000+00:00,weight,stuck_at,
6_55,6,2026-05-10 10:38:59.634000+00:00,2026-05-10 10:53:59.634000+00:00,weight,spike,10816.40397413411
6_56,6,2026-05-11 17:15:20.270000+00:00,2026-05-11 17:26:20.270000+00:00,humidity,spike,-115.4129060363239
6_57,6,2026-06-18 08:23:16.084000+00:00,2026-06-18 10:15:16.084000+00:00,humidity,drift,-47.51164003803756
6_58,6,2026-05-10 12:14:04.753000+00:00,2026-05-10 12:49:04.753000+00:00,power,dropout,
6_59,6,2026-06-19 19:51:51.941000+00:00,2026-06-19 20:44:51.941000+00:00,humidity,dropout,
6_60,6,2026-05-16 12:52:52.720000+00:00,2026-05-16 13:00:52.720000+00:00,weight,spike,-7105.809623706788
6_61,6,2026-06-26 11:54:10.594000+00:00,2026-06-26 13:28:10.594000+00:00,weight,stuck_at,
6_62,6,2026-05-16 06:12:30.226000+00:00,2026-05-16 06:18:30.226000+00:00,power,spike,2441.112486518406
6_63,6,2026-05-11 23:42:43.648000+00:00,2026-05-12 01:40:43.648000+00:00,power,drift,1181.4743930510883
6_64,6,2026-06-24 01:51:08.825000+00:00,2026-06-24 02:16:08.825000+00:00,temperature,dropout,
6_65,6,2026-06-26 05:33:52.372000+00:00,2026-06-26 09:31:52.372000+00:00,temperature,drift,2.796011202781355
6_66,6,2026-05-15 15:12:39.156000+00:00,2026-05-15 15:35:39.156000+00:00,power,dropout,
6_67,6,2026-06-12 03:44:28.851000+00:00,2026-06-12 04:07:28.851000+00:00,weight,stuck_at,
6_68,6,2026-06-14 12:29:02.123000+00:00,2026-06-14 12:40:02.123000+00:00,weight,spike,7952.430269159604
6_69,6,2026-05-15 22:34:32.902000+00:00,2026-05-15 23:24:32.902000+00:00,power,stuck_at,
6_70,6,2026-06-11 06:31:39.777000+00:00,2026-06-11 07:31:39.777000+00:00,temperature,stuck_at,
6_71,6,2026-05-12 17:39:21.367000+00:00,2026-05-12 18:11:21.367000+00:00,power,dropout,
6_72,6,2026-05-11 03:32:10.022000+00:00,2026-05-11 03:47:10.022000+00:00,power,spike,-1744.1583099075324
6_73,6,2026-06-15 02:48:38.887000+00:00,2026-06-15 02:55:38.887000+00:00,temperature,spike,3.0616279664857813
6_74,6,2026-06-23 11:00:39.005000+00:00,2026-06-23 11:05:39.005000+00:00,temperature,spike,2.458002485701497
6_75,6,2026-05-10 11:28:34.127000+00:00,2026-05-10 11:34:34.127000+00:00,power,spike,-2138.2979386738634
6_76,6,2026-05-17 13:29:17.331000+00:00,2026-05-17 15:49:17.331000+00:00,weight,drift,-6265.380432417416
6_77,6,2026-05-05 23:27:20.863000+00:00,2026-05-05 23:55:20.863000+00:00,power,stuck_at,
6_78,6,2026-06-22 20:37:39.586000+00:00,2026-06-22 21:54:39.586000+00:00,temperature,stuck_at,
6_79,6,2026-05-10 07:28:00.563000+00:00,2026-05-10 10:31:00.563000+00:00,weight,drift,3769.4240953183
6_80,6,2026-05-11 18:10:58.126000+00:00,2026-05-11 19:41:58.126000+00:00,temperature,stuck_at,
6_81,6,2026-05-28 20:47:45.266000+00:00,2026-05-28 22:43:45.266000+00:00,power,stuck_at,
6_82,6,2026-05-28 08:14:35.604000+00:00,2026-05-28 10:06:35.604000+00:00,humidity,stuck_at,
6_83,6,2026-05-12 15:04:41.848000+00:00,2026-05-12 15:51:41.848000+00:00,humidity,dropout,
6_84,6,2026-05-16 14:41:01.120000+00:00,2026-05-16 15:07:01.120000+00:00,temperature,stuck_at,
6_85,6,2026-05-06 04:59:57.419000+00:00,2026-05-06 07:03:57.419000+00:00,weight,drift,4807.226201854753
6_86,6,2026-06-14 08:42:01.969000+00:00,2026-06-14 10:01:01.969000+00:00,temperature,stuck_at,
6_87,6,2026-05-12 12:58:19.861000+00:00,2026-05-12 13:49:19.861000+00:00,weight,dropout,
6_88,6,2026-05-28 06:35:37.087000+00:00,2026-05-28 07:00:37.087000+00:00,temperature,stuck_at,
6_89,6,2026-05-11 04:34:50.810000+00:00,2026-05-11 06:02:50.810000+00:00,weight,stuck_at,
6_90,6,2026-05-19 19:28:46.459000+00:00,2026-05-19 19:35:46.459000+00:00,power,spike,-1895.2785943170775
6_91,6,2026-06-12 08:42:13.472000+00:00,2026-06-12 08:56:13.472000+00:00,temperature,spike,2.8867902703259847
6_92,6,2026-05-29 14:56:22.470000+00:00,2026-05-29 16:07:22.470000+00:00,power,stuck_at,
6_93,6,2026-06-21 21:25:17.527000+00:00,2026-06-21 21:35:17.527000+00:00,weight,dropout,
6_94,6,2026-06-22 22:06:31.460000+00:00,2026-06-22 23:05:31.460000+00:00,weight,dropout,
6_95,6,2026-05-08 01:39:08.634000+00:00,2026-05-08 01:46:08.634000+00:00,power,spike,-2487.9408543631102
6_96,6,2026-05-28 11:04:10.460000+00:00,2026-05-28 12:24:10.460000+00:00,power,stuck_at,
6_97,6,2026-05-29 02:33:07.425000+00:00,2026-05-29 05:16:07.425000+00:00,weight,drift,-6129.081019117177
6_98,6,2026-06-17 10:04:05.893000+00:00,2026-06-17 11:33:05.893000+00:00,temperature,stuck_at,
6_99,6,2026-05-28 04:40:29.966000+00:00,2026-05-28 04:50:29.966000+00:00,power,spike,2041.1827255837597
6_100,6,2026-05-17 03:15:03.503000+00:00,2026-05-17 07:10:03.503000+00:00,power,drift,-857.4000091843466
6_101,6,2026-06-13 03:53:39.681000+00:00,2026-06-13 04:03:39.681000+00:00,weight,spike,10190.35689218266
6_102,6,2026-06-21 11:16:04.954000+00:00,2026-06-21 11:31:04.954000+00:00,temperature,spike,-3.3215614060903507
6_103,6,2026-05-09 12:04:23.338000+00:00,2026-05-09 12:26:23.338000+00:00,power,dropout,
6_104,6,2026-06-11 13:55:08.444000+00:00,2026-06-11 17:00:08.444000+00:00,temperature,drift,-1.3734181049551617
6_105,6,2026-05-15 07:11:16.083000+00:00,2026-05-15 08:56:16.083000+00:00,weight,stuck_at,
6_106,6,2026-06-18 04:32:07.627000+00:00,2026-06-18 04:42:07.627000+00:00,humidity,spike,91.06236517761573
6_107,6,2026-06-21 00:53:46.280000+00:00,2026-06-21 01:10:46.280000+00:00,humidity,stuck_at,
6_108,6,2026-06-20 22:35:36.741000+00:00,2026-06-20 23:23:36.741000+00:00,weight,stuck_at,
6_109,6,2026-06-24 12:30:31.362000+00:00,2026-06-24 12:43:31.362000+00:00,humidity,spike,-117.28576683174724
6_110,6,2026-06-16 03:57:12.021000+00:00,2026-06-16 04:11:12.021000+00:00,humidity,spike,-81.71797350978773
6_111,6,2026-05-09 18:30:28.847000+00:00,2026-05-09 20:03:28.847000+00:00,temperature,drift,-1.7415401127791716
6_112,6,2026-05-19 09:07:02.391000+00:00,2026-05-19 10:45:02.391000+00:00,temperature,drift,1.973023956904035
6_113,6,2026-05-18 21:38:26.596000+00:00,2026-05-18 22:22:26.596000+00:00,humidity,stuck_at,
6_114,6,2026-05-15 04:12:17.042000+00:00,2026-05-15 04:23:17.042000+00:00,weight,spike,-9746.507457253623
6_115,6,2026-05-06 01:30:43.355000+00:00,2026-05-06 02:01:43.355000+00:00,temperature,dropout,
6_116,6,2026-05-19 20:42:33.694000+00:00,2026-05-19 22:42:33.694000+00:00,temperature,drift,1.9366356389458985
6_117,6,2026-06-21 01:46:12.960000+00:00,2026-06-21 02:15:12.960000+00:00,temperature,dropout,
6_118,6,2026-05-10 03:38:28.982000+00:00,2026-05-10 04:55:28.982000+00:00,temperature,stuck_at,
6_119,6,2026-06-18 06:02:59.371000+00:00,2026-06-18 06:12:59.371000+00:00,weight,spike,-8435.933519458089
6_120,6,2026-06-19 01:40:08.221000+00:00,2026-06-19 02:05:08.221000+00:00,temperature,stuck_at,
6_121,6,2026-05-06 07:51:48.610000+00:00,2026-05-06 08:17:48.610000+00:00,power,dropout,
7_0,7,2026-01-23 00:55:20.706000+00:00,2026-01-23 01:17:20.706000+00:00,weight,dropout,
7_1,7,2026-01-23 02:43:39.165000+00:00,2026-01-23 03:32:39.165000+00:00,humidity,dropout,
7_2,7,2026-01-23 13:33:05.462000+00:00,2026-01-23 14:16:05.462000+00:00,weight,stuck_at,
7_3,7,2026-01-12 22:58:39.357000+00:00,2026-01-12 23:45:39.357000+00:00,power,dropout,
7_4,7,2026-01-22 08:22:08.273000+00:00,2026-01-22 12:15:08.273000+00:00,humidity,drift,26.27833254381357
7_5,7,2026-01-22 01:08:19.723000+00:00,2026-01-22 05:06:19.723000+00:00,temperature,drift,3.2847486472209018
7_6,7,2026-01-23 17:16:46.401000+00:00,2026-01-23 19:42:46.401000+00:00,temperature,drift,-2.687546217168612
7_7,7,2026-01-22 22:02:18.541000+00:00,2026-01-22 22:07:18.541000+00:00,temperature,spike,4.06366841329981
7_8,7,2026-01-20 21:31:07.810000+00:00,2026-01-20 21:43:07.810000+00:00,weight,dropout,
7_9,7,2026-01-22 22:21:31.721000+00:00,2026-01-22 22:36:31.721000+00:00,humidity,stuck_at,
7_10,7,2026-01-21 10:22:03.205000+00:00,2026-01-21 12:19:03.205000+00:00,power,stuck_at,
7_11,7,2026-01-23 08:13:25.542000+00:00,2026-01-23 09:00:25.542000+00:00,weight,dropout,
7_12,7,2026-01-23 07:55:13.419000+00:00,2026-01-23 08:01:13.419000+00:00,humidity,spike,-65.4458364659111
9_0,9,2026-07-26 15:26:58.584000+00:00,2026-07-26 15:45:58.584000+00:00,temperature,dropout,
9_1,9,2026-07-21 12:26:46.044000+00:00,2026-07-21 13:31:46.044000+00:00,temperature,drift,-7.306908112522722
9_2,9,2026-07-12 23:14:22.735000+00:00,2026-07-13 00:18:22.735000+00:00,weight,stuck_at,
9_3,9,2026-07-14 06:46:12.484000+00:00,2026-07-14 07:40:12.484000+00:00,weight,stuck_at,
9_4,9,2026-07-15 16:52:07.751000+00:00,2026-07-15 17:49:07.751000+00:00,humidity,stuck_at,
9_5,9,2026-07-22 18:06:28.512000+00:00,2026-07-22 20:29:28.512000+00:00,weight,drift,-5177.0500939966005
9_6,9,2026-07-14 07:40:47.176000+00:00,2026-07-14 08:19:47.176000+00:00,temperature,dropout,
9_7,9,2026-07-22 02:57:20.646000+00:00,2026-07-22 03:11:20.646000+00:00,temperature,spike,-11.731784876379525
9_8,9,2026-07-11 23:28:38.318000+00:00,2026-07-12 00:41:38.318000+00:00,humidity,stuck_at,
9_9,9,2026-07-27 06:57:55.465000+00:00,2026-07-27 07:41:55.465000+00:00,temperature,dropout,
9_10,9,2026-07-28 06:09:59.592000+00:00,2026-07-28 08:02:59.592000+00:00,temperature,drift,-13.652770274509049
9_11,9,2026-07-21 21:49:16.274000+00:00,2026-07-21 23:19:16.274000+00:00,temperature,stuck_at,
9_12,9,2026-07-23 02:40:25.184000+00:00,2026-07-23 04:40:25.184000+00:00,weight,stuck_at,
9_13,9,2026-07-11 18:08:46.284000+00:00,2026-07-11 19:37:46.284000+00:00,weight,drift,6180.455982757171
9_14,9,2026-07-25 03:20:18.253000+00:00,2026-07-25 03:52:18.253000+00:00,temperature,dropout,
9_15,9,2026-07-30 04:54:10.769000+00:00,2026-07-30 06:07:10.769000+00:00,temperature,drift,-8.04379298475759
9_16,9,2026-07-28 12:53:30.778000+00:00,2026-07-28 13:01:30.778000+00:00,humidity,spike,-52.71648239447154
9_17,9,2026-07-21 03:00:11.688000+00:00,2026-07-21 06:45:11.688000+00:00,temperature,drift,9.105054782909336
9_18,9,2026-07-15 08:26:54.141000+00:00,2026-07-15 10:25:54.141000+00:00,humidity,drift,-21.469080976435734
9_19,9,2026-07-27 10:37:46.467000+00:00,2026-07-27 10:45:46.467000+00:00,temperature,spike,-23.237124503166864
9_20,9,2026-07-28 03:04:23.493000+00:00,2026-07-28 03:39:23.493000+00:00,temperature,dropout,
9_21,9,2026-07-11 00:39:04.239000+00:00,2026-07-11 03:59:04.239000+00:00,temperature,drift,13.382043611171877
9_22,9,2026-07-27 14:31:52.400000+00:00,2026-07-27 14:37:52.400000+00:00,humidity,spike,74.68486023832052
9_23,9,2026-07-11 10:44:42.054000+00:00,2026-07-11 14:32:42.054000+00:00,temperature,drift,-14.86913010681067
9_24,9,2026-07-14 11:47:19.873000+00:00,2026-07-14 12:01:19.873000+00:00,temperature,dropout,
9_25,9,2026-07-26 00:47:22.845000+00:00,2026-07-26 01:05:22.845000+00:00,temperature,stuck_at,
9_26,9,2026-07-28 04:36:12.706000+00:00,2026-07-28 05:26:12.706000+00:00,weight,dropout,
9_27,9,2026-07-27 08:48:50.496000+00:00,2026-07-27 10:33:50.496000+00:00,weight,stuck_at,
9_28,9,2026-07-22 15:51:21.888000+00:00,2026-07-22 16:00:21.888000+00:00,weight,spike,-9662.397194206509
9_29,9,2026-07-29 10:00:00.692000+00:00,2026-07-29 10:12:00.692000+00:00,humidity,dropout,
9_30,9,2026-07-29 15:45:06.252000+00:00,2026-07-29 15:59:06.252000+00:00,humidity,spike,59.44984923730026
9_31,9,2026-07-10 18:30:42.286000+00:00,2026-07-10 21:00:42.286000+00:00,weight,drift,-4808.038625844415
9_32,9,2026-07-12 11:56:00.103000+00:00,2026-07-12 13:04:00.103000+00:00,weight,drift,5332.009669488724
9_33,9,2026-07-23 00:37:20+00:00,2026-07-23 01:35:20+00:00,weight,stuck_at,
9_34,9,2026-07-10 01:23:06.574000+00:00,2026-07-10 05:18:06.574000+00:00,weight,drift,8630.350749996885
9_35,9,2026-07-23 17:21:14.235000+00:00,2026-07-23 17:36:14.235000+00:00,temperature,spike,-14.800627529921616
9_36,9,2026-07-15 04:26:25.359000+00:00,2026-07-15 05:05:25.359000+00:00,humidity,dropout,
9_37,9,2026-07-30 09:47:51.269000+00:00,2026-07-30 13:35:51.269000+00:00,temperature,drift,-11.732726912064852
9_38,9,2026-07-10 21:09:08.911000+00:00,2026-07-10 22:56:08.911000+00:00,weight,drift,-6915.168892210051
9_39,9,2026-07-23 10:31:29.399000+00:00,2026-07-23 10:44:29.399000+00:00,temperature,dropout,
9_40,9,2026-07-25 22:33:13.970000+00:00,2026-07-25 23:15:13.970000+00:00,humidity,stuck_at,
9_41,9,2026-07-29 16:08:17.755000+00:00,2026-07-29 18:20:17.755000+00:00,temperature,drift,-8.29767922781787
9_42,9,2026-07-15 10:56:27.821000+00:00,2026-07-15 13:42:27.821000+00:00,temperature,drift,10.821631835869766
9_43,9,2026-07-11 14:58:02.033000+00:00,2026-07-11 18:07:02.033000+00:00,temperature,drift,16.303406234159382
9_44,9,2026-07-27 16:09:37.148000+00:00,2026-07-27 19:46:37.148000+00:00,humidity,drift,23.79096713622948
9_45,9,2026-07-25 19:24:35.772000+00:00,2026-07-25 20:03:35.772000+00:00,temperature,dropout,
9_46,9,2026-07-20 17:58:56.543000+00:00,2026-07-20 18:24:56.543000+00:00,humidity,dropout,
9_47,9,2026-07-15 01:03:21.041000+00:00,2026-07-15 02:36:21.041000+00:00,humidity,stuck_at,
9_48,9,2026-07-29 02:09:48.265000+00:00,2026-07-29 02:23:48.265000+00:00,weight,spike,-12592.267420853803
9_49,9,2026-07-10 13:18:31.926000+00:00,2026-07-10 14:35:31.926000+00:00,temperature,stuck_at,
9_50,9,2026-07-24 17:50:17.373000+00:00,2026-07-24 17:56:17.373000+00:00,weight,spike,8222.251740087113
9_51,9,2026-07-29 08:48:22.241000+00:00,2026-07-29 09:18:22.241000+00:00,weight,dropout,
9_52,9,2026-07-20 23:02:52.625000+00:00,2026-07-21 02:35:52.625000+00:00,temperature,drift,-11.961235044677698
